<component name="HomeScreen" extends="BaseGroup" xsi:noNamespaceSchemaLocation="https://devtools.web.roku.com/schema/RokuSceneGraph.xsd">
	<interface>
		<function name= "onAPISuccess"/>
		<function name= "onErrorFound"/>
		<field id="rowItemSelected" type="integer" alwaysnotify="true" alias="RowListScreen.rowItemSelected" onChange="rowItemSelected" />
    </interface>
    <script type="text/brightscript" uri="pkg:/components/screens/HomeScreen/HomeScreen.brs" />

	<!-- Home screen design -->
	<children>
		<Rectangle
			width="1280"
			height="720"
			color="#000000" />
		<Poster
           width = "220"
           height = "40"
           translation = "[40,20]"
           loadDisplayMode = "scaleToFill"
		   uri="pkg:/images/rakuten-logo.png" />	
		<RowListScreen
			id= "RowListScreen"
			translation= "[50,100]"/>
    </children>
</component>