<?xml version="1.0" encoding="utf-8" ?> 
<!--********** Copyright 2016 Roku Corp.  All Rights Reserved. **********--> 

<!-- BaseGroup
 -->
<component name="BaseGroup" extends="Group" xsi:noNamespaceSchemaLocation="https://devtools.web.roku.com/schema/RokuSceneGraph.xsd">
    <interface>
		<function name="SetRouter" />
		<function name="ContentListToSimpleNode" />
		<function name="makeRequest" />
		<function name="getRouter" />
    </interface>
    
    <script type="text/brightscript" uri="pkg:/components/screens/BaseGroup/BaseGroup.brs" />

	<children>

    </children>
</component>